Населено място,Търговски обект,Наименование на продукта,Код на продукта,Категория,Цена на дребно,Цена в промоция
68134,бул. Черни връх 40,ХЛЯБ БЯЛ ДОБРУДЖА 500ГР,613515,1,"1,06",
68134,бул. Черни връх 40,Хляб бял нарязан 650 г,417145,1,"0,97",
68134,бул. Черни връх 40,Хляб пълнозърнест 400 г,876840,4,"1,63",
68134,бул. Черни връх 40,Хляб ръжен 500 г,502679,4,"1,26",
68134,бул. Черни връх 40,МЛЯКО ПРЯСНО ВЕРЕЯ 3% 1Л,241411,6,"1,38",
68134,бул. Черни връх 40,"Прясно мляко 3,6% 1 л Olympus",840504,6,"1,52",
68134,бул. Черни връх 40,Кисело мляко 2% 400 г Данон,238177,7,"0,73",
68134,бул. Черни връх 40,КИСЕЛО МЛЯКО ЕЛЕНА 3.6% 400Г,732055,7,"0,71",
68134,бул. Черни връх 40,Сирене краве 1 кг,610154,8,"6,66","5,33"
68134,бул. Черни връх 40,Сирене краве саламурено 400 г,450310,8,"6,74","5,39"
68134,бул. Черни връх 40,Кашкавал Витоша 400 г,951570,10,"9,87",
68134,бул. Черни връх 40,Кашкавал краве 1 кг,859572,10,"7,70","6,16"
68134,бул. Черни връх 40,Масло краве 125 г Президент,501186,12,"2,50","2,00"
68134,бул. Черни връх 40,Масло 82% 125 г,649030,12,"2,36",
68134,бул. Черни връх 40,Олио слънчогледово 1 л Бисер,425771,42,"1,52","1,22"
68134,бул. Черни връх 40,Слънчогледово олио 1 л Златно добруджанско,820664,42,"2,01",
68134,бул. Черни връх 40,Захар бяла кристална 1 кг,330498,38,"1,24",
68134,бул. Черни връх 40,Брашно бяло тип 500 1 кг,509230,40,"1,00",
68134,бул. Черни връх 40,Ориз бял 1 кг,177062,35,"2,27",
68134,бул. Черни връх 40,Ориз Камолино 1 кг,207078,35,"2,39",
68134,бул. Черни връх 40,Яйца размер М 10 бр,216836,31,"2,37",
68134,бул. Черни връх 40,Яйца L 10 броя,701537,31,"2,56",
68134,бул. Черни връх 40,Пилешко филе 1 кг,809246,16,"6,83",
68134,бул. Черни връх 40,Прясно пилешко филе Градус,401272,16,"6,58",
68134,бул. Черни връх 40,Банани 1 кг,459748,52,"1,25",
68134,бул. Черни връх 40,Ябълки 1 кг,35010,53,"1,43",
68134,бул. Черни връх 40,Ябълки Златна превъзходна 1 кг,956452,53,"1,35",
68134,бул. Черни връх 40,Картофи 1 кг,280713,61,"0,76",
68134,бул. Черни връх 40,Домати 1 кг,836521,54,"1,97",
68134,бул. Черни връх 40,Кафе мляно 250 г Лаваца,41519,70,"4,82",
68134,бул. Черни връх 40,Кафе Нескафе 200 г,372041,70,"4,60",
68134,"ж.к. Лозенец, ул. Златовръх 1",ХЛЯБ БЯЛ ДОБРУДЖА 500ГР,672835,1,"1,06",
68134,"ж.к. Лозенец, ул. Златовръх 1",Хляб бял нарязан 650 г,730052,1,"0,96",
68134,"ж.к. Лозенец, ул. Златовръх 1",МЛЯКО ПРЯСНО ВЕРЕЯ 3% 1Л,352753,6,"1,34",
68134,"ж.к. Лозенец, ул. Златовръх 1","Прясно мляко 3,6% 1 л Olympus",13801,6,"1,68",
68134,"ж.к. Лозенец, ул. Златовръх 1",Кисело мляко 2% 400 г Данон,512976,7,"0,94",
68134,"ж.к. Лозенец, ул. Златовръх 1",КИСЕЛО МЛЯКО ЕЛЕНА 3.6% 400Г,685180,7,"0,86",
68134,"ж.к. Лозенец, ул. Златовръх 1",Сирене краве 1 кг,943101,8,"5,66",
68134,"ж.к. Лозенец, ул. Златовръх 1",Сирене краве саламурено 400 г,817677,8,"6,42",
68134,"ж.к. Лозенец, ул. Златовръх 1",Кашкавал Витоша 400 г,536526,10,"10,14","8,11"
68134,"ж.к. Лозенец, ул. Златовръх 1",Кашкавал краве 1 кг,157894,10,"8,79",
68134,"ж.к. Лозенец, ул. Златовръх 1",Масло краве 125 г Президент,457608,12,"2,26",
68134,"ж.к. Лозенец, ул. Златовръх 1",Масло 82% 125 г,66785,12,"2,04",
68134,"ж.к. Лозенец, ул. Златовръх 1",Олио слънчогледово 1 л Бисер,183766,42,"1,53","1,22"
68134,"ж.к. Лозенец, ул. Златовръх 1",Слънчогледово олио 1 л Златно добруджанско,833355,42,"1,79",
68134,"ж.к. Лозенец, ул. Златовръх 1",Захар бяла кристална 1 кг,60682,38,"0,95",
68134,"ж.к. Лозенец, ул. Златовръх 1",Брашно бяло тип 500 1 кг,943474,40,"1,03",
68134,"ж.к. Лозенец, ул. Златовръх 1",Ориз бял 1 кг,734724,35,"2,37",
68134,"ж.к. Лозенец, ул. Златовръх 1",Ориз Камолино 1 кг,251196,35,"2,14",
68134,"ж.к. Лозенец, ул. Златовръх 1",Яйца размер М 10 бр,412417,31,"2,38",
68134,"ж.к. Лозенец, ул. Златовръх 1",Яйца L 10 броя,231540,31,"2,68","2,14"
68134,"ж.к. Лозенец, ул. Златовръх 1",Пилешко филе 1 кг,374341,16,"8,48",
68134,"ж.к. Лозенец, ул. Златовръх 1",Прясно пилешко филе Градус,497410,16,"7,99",
68134,"ж.к. Лозенец, ул. Златовръх 1",Банани 1 кг,499693,52,"1,56",
68134,"ж.к. Лозенец, ул. Златовръх 1",Ябълки 1 кг,494338,53,"1,30","1,04"
68134,"ж.к. Лозенец, ул. Златовръх 1",Ябълки Златна превъзходна 1 кг,798746,53,"1,32",
68134,"ж.к. Лозенец, ул. Златовръх 1",Картофи 1 кг,235782,61,"0,94","0,75"
68134,"ж.к. Лозенец, ул. Златовръх 1",Домати 1 кг,421233,54,"2,05",
68134,"ж.к. Лозенец, ул. Златовръх 1",Кафе мляно 250 г Лаваца,124495,70,"4,17",
68134,"ж.к. Лозенец, ул. Златовръх 1",Кафе Нескафе 200 г,754156,70,"4,03",
